{
    "mtx": [
        [
            3219.5309779073996,
            0.0,
            2330.60326816691
        ],
        [
            0.0,
            3219.6079569820863,
            2053.96161313311
        ],
        [
            0.0,
            0.0,
            1.0
        ]
    ],
    "dist": [
        [
            -0.1508530978811519,
            0.11920829783234851,
            0.00011007604676957206,
            1.4867956862894573e-05,
            -0.036243961876902785
        ]
    ]
}