{
    "mtx": [
        [
            3218.069430274973,
            0.0,
            2270.5730970465015
        ],
        [
            0.0,
            3218.229872566268,
            2034.123520027021
        ],
        [
            0.0,
            0.0,
            1.0
        ]
    ],
    "dist": [
        [
            -0.1512741723374744,
            0.12055215180919059,
            -4.0783795079575226e-06,
            -0.00037780524308077745,
            -0.03604446863859383
        ]
    ]
}