{
    "mtx": [
        [
            3220.0376418327323,
            0.0,
            2253.2928972025397
        ],
        [
            0.0,
            3220.9246728663325,
            2042.0466627727048
        ],
        [
            0.0,
            0.0,
            1.0
        ]
    ],
    "dist": [
        [
            -0.1562963883115089,
            0.12610798957226946,
            0.0011003636846580699,
            0.0006082773505013812,
            -0.0373723511076925
        ]
    ]
}