{
    "mtx": [
        [
            3218.507496888144,
            0.0,
            2234.890218878357
        ],
        [
            0.0,
            3218.4764971631193,
            2042.430108494633
        ],
        [
            0.0,
            0.0,
            1.0
        ]
    ],
    "dist": [
        [
            -0.14809824688846643,
            0.10566671608680682,
            -0.0002401205312936817,
            5.172614834142335e-05,
            -0.01832881970927875
        ]
    ]
}